ID,Crash ID,crash_fatal_fl,case_id,rpt_block_num,rpt_street_name,rpt_street_sfx,crash_speed_limit,road_constr_zone_fl,latitude,longitude,crash_sev_id,sus_serious_injry_cnt,nonincap_injry_cnt,poss_injry_cnt,non_injry_cnt,unkn_injry_cnt,tot_injry_cnt,death_cnt,units_involved,point,motor_vehicle_death_count,motor_vehicle_serious_injury_count,bicycle_death_count,bicycle_serious_injury_count,pedestrian_death_count,pedestrian_serious_injury_count,motorcycle_death_count,motorcycle_serious_injury_count,other_death_count,other_serious_injury_count,onsys_fl,private_dr_fl,micromobility_serious_injury_count,micromobility_death_count,Crash timestamp (US/Central),Crash timestamp,Is deleted,Is temporary record,Law enforcement fatality count,Reported street prefix,Estimated Maximum Comprehensive Cost,Estimated Total Comprehensive Cost,Location ID,Location group,Address,Collision type,Crash Date,Crash Time,Crash Hour,Crash Day,Temperature,Precipitation,is_wet,Highway_Type,Num_Lanes
"1,295","13,665,836",False,140080823,2800,LAMAR,BLVD,35,False,30.24434385,-97.78130903,3,0,0,4,1,0,4,0,Large passenger vehicle & Passenger car,POINT (-97.78130903 30.24434385),0,0,0,0,0,0,0,0,0,0,True,False,0,0,2014-01-08 13:35:00,2014 Jan 08 07:35:00 PM,False,False,0,,"200,000","820,000",8031644814,1,2800 N LAMAR BLVD,SAME DIRECTION - ONE STRAIGHT-ONE STOPPED,2014-01-08,13:35,13,Wednesday,10.1,0.0,False,primary,unknown
"1,662","13,671,385",False,140190466,1800,LAVACA,ST,30,False,30.28029478,-97.74091246,0,0,0,0,0,1,0,0,Large passenger vehicle & Motor vehicle – other & Passenger car,POINT (-97.74091246 30.28029478),0,0,0,0,0,0,0,0,0,0,False,False,0,0,2014-01-19 05:31:00,2014 Jan 19 11:31:00 AM,False,False,0,,"20,000","20,000",8C385085D8,1,LAVACA ST & W 18TH ST,ONE MOTOR VEHICLE - GOING STRAIGHT,2014-01-19,05:31,5,Sunday,7.4,0.0,False,primary,"['3', '4']"
"2,970","13,705,364",False,140431439,5600,AIRPORT BLVD,BLVD,35,False,30.31894477,-97.71279247,3,0,0,1,1,0,1,0,Large passenger vehicle,POINT (-97.71279247 30.31894477),0,0,0,0,0,0,0,0,0,0,False,False,0,0,2014-02-12 19:15:00,2014 Feb 13 01:15:00 AM,False,False,0,,"200,000","220,000",CA74EF0F76,1,AIRPORT BLVD & E KOENIG LN,SAME DIRECTION - ONE STRAIGHT-ONE STOPPED,2014-02-12,19:15,19,Wednesday,9.9,0.0,False,primary,unknown
"1,919","13,679,441",False,140260600,6400,ED BLUESTEIN BLVD NB,BLVD,55,False,30.302116,-97.661353,2,0,1,0,2,0,1,0,Large passenger vehicle,POINT (-97.661353 30.302116),0,0,0,0,0,0,0,0,0,0,False,False,0,0,2014-01-26 09:42:00,2014 Jan 26 03:42:00 PM,False,False,0,,"250,000","290,000",Q3A6F25A05,1,6400 ED BLUESTEIN BLVD NB BLVD,SAME DIRECTION - BOTH GOING STRAIGHT-REAR END,2014-01-26,09:42,9,Sunday,4.8,0.0,False,secondary_link,unknown
"2,880","13,704,844",False,140520014,3106,CORBIN,LN,35,False,30.23709858,-97.7725729,0,0,0,0,0,1,0,0,Large passenger vehicle & Passenger car,POINT (-97.7725729 30.23709858),0,0,0,0,0,0,0,0,0,0,False,False,0,0,2014-02-21 00:30:00,2014 Feb 21 06:30:00 AM,False,False,0,,"20,000","20,000",6D4AB714D6,1,3106 S CORBIN LN,ONE MOTOR VEHICLE - TURNING LEFT,2014-02-21,00:30,0,Friday,13.6,0.0,False,residential,unknown
"3,443","13,717,001",False,140592037,4009,1ST,ST,35,False,30.22554463,-97.77008877,3,0,0,1,5,0,1,0,Passenger car,POINT (-97.77008877 30.22554463),0,0,0,0,0,0,0,0,0,0,False,False,0,0,2014-02-28 22:54:00,2014 Mar 01 04:54:00 AM,False,False,0,,"200,000","300,000",B39FFB8857,1,4009 S 1ST ST,SAME DIRECTION - BOTH GOING STRAIGHT-SIDESWIPE,2014-02-28,22:54,22,Friday,17.7,0.0,False,secondary,"['4', '5']"
"2,408","13,690,938",False,140300050,1129,POQUITO,ST,30,False,30.26760218,-97.71708676,5,0,0,0,1,0,0,0,Passenger car,POINT (-97.71708676 30.26760218),0,0,0,0,0,0,0,0,0,0,False,False,0,0,2014-01-30 00:42:00,2014 Jan 30 06:42:00 AM,False,False,0,,"20,000","20,000",821C2F6018,1,1129 POQUITO ST,ONE MOTOR VEHICLE - GOING STRAIGHT,2014-01-30,00:42,0,Thursday,0.9,0.0,False,tertiary,unknown
"3,048","13,707,893",False,140280332,2600,ANDERSON,LN,65,False,30.33255574,-97.68649727,2,0,2,0,3,0,2,0,Large passenger vehicle & Passenger car,POINT (-97.68649727 30.33255574),0,0,0,0,0,0,0,0,0,0,True,False,0,0,2014-01-28 06:41:00,2014 Jan 28 12:41:00 PM,False,False,0,,"250,000","560,000",18DB893A66,1,2600 E ANDERSON LN,SAME DIRECTION - ONE STRAIGHT-ONE STOPPED,2014-01-28,06:41,6,Tuesday,-1.8,0.2,True,secondary,3
"1,246","13,664,757",False,C314-0122-001,3400,SLAUGHTER LN,LN,45,False,30.18259813,-97.84770744,3,0,0,1,3,0,1,0,Large passenger vehicle & Passenger car,POINT (-97.84770744 30.18259813),0,0,0,0,0,0,0,0,0,0,False,False,0,0,2014-01-22 08:34:00,2014 Jan 22 02:34:00 PM,False,False,0,,"200,000","260,000",3E0DF07E1A,1,3400 W SLAUGHTER LN,OPPOSITE DIRECTION - ONE STRAIGHT-ONE LEFT TURN,2014-01-22,08:34,8,Wednesday,3.5,0.0,False,primary_link,unknown
"1,907","13,679,429",False,140231898,10500,DESSAU,RD,45,False,30.36374615,-97.66858176,3,0,0,1,1,0,1,0,Large passenger vehicle & Passenger car,POINT (-97.66858176 30.36374615),0,0,0,0,0,0,0,0,0,0,False,False,0,0,2014-01-23 23:02:00,2014 Jan 24 05:02:00 AM,False,False,0,,"200,000","220,000",9E58FC3663,1,10500 DESSAU RD,ONE MOTOR VEHICLE - GOING STRAIGHT,2014-01-23,23:02,23,Thursday,-2.6,0.4,True,tertiary,unknown
395,"13,642,976",False,14-00003,800,CAPITOL OF TEXAS,HWY,60,False,30.29077627,-97.82830325,5,0,0,0,2,0,0,0,Large passenger vehicle,POINT (-97.82830325 30.29077627),0,0,0,0,0,0,0,0,0,0,True,False,0,0,2014-01-02 11:41:00,2014 Jan 02 05:41:00 PM,False,False,0,,"20,000","40,000",76BD3EA9EAE,1,STATE HIGHWAY 360 & W LAS CIMAS PKWY,SAME DIRECTION - ONE STRAIGHT-ONE STOPPED,2014-01-02,11:41,11,Thursday,2.9,0.0,False,unclassified,2
"2,129","13,684,744",False,140280817,3400,MARTIN LUTHER KING JR BLVD,BLVD,35,False,30.28309478,-97.70036246,2,0,1,0,1,0,1,0,Large passenger vehicle & Passenger car,POINT (-97.70036246 30.28309478),0,0,0,0,0,0,0,0,0,0,False,False,0,0,2014-01-28 10:54:00,2014 Jan 28 04:54:00 PM,False,False,0,,"250,000","270,000",C7C2D009AF,1,E MARTIN LUTHER KING JR BLVD & GREENWOOD AVE,ANGLE - BOTH LEFT TURN,2014-01-28,10:54,10,Tuesday,-2.0,0.1,True,primary,5
"1,447","13,668,325",False,140170313,14720,STAKED PLAINS LOOP,LOOP,30,False,30.49967951,-97.79371698,3,0,0,1,0,0,1,0,Large passenger vehicle & Passenger car,POINT (-97.79371698 30.49967951),0,0,0,0,0,0,0,0,0,0,False,False,0,0,2014-01-17 05:59:00,2014 Jan 17 11:59:00 AM,False,False,0,,"200,000","200,000",532B96F8C9,1,14720 STAKED PLAINS LOOP,ONE MOTOR VEHICLE - TURNING LEFT,2014-01-17,05:59,5,Friday,8.2,0.0,False,residential,2
"2,790","13,701,970",False,140520748,1000,NOT REPORTED,HWY,60,False,30.27030473,-97.73293404,0,0,0,0,4,1,0,0,Large passenger vehicle & Motor vehicle – other & Passenger car,POINT (-97.73293404 30.27030473),0,0,0,0,0,0,0,0,0,0,True,False,0,0,2014-02-21 11:09:00,2014 Feb 21 05:09:00 PM,False,False,0,,"20,000","100,000",59261FE8C15,2,1000 IH 35,SAME DIRECTION - BOTH GOING STRAIGHT-REAR END,2014-02-21,11:09,11,Friday,13.5,0.0,False,secondary,2
"2,031","13,682,526",False,140221384,8300,S 1ST STREET,ST,35,False,30.18066367,-97.79517058,1,1,1,0,0,0,2,0,Passenger car & Pedestrian,POINT (-97.79517058 30.18066367),0,0,0,0,0,1,0,0,0,0,False,False,0,0,2014-01-22 18:40:00,2014 Jan 23 12:40:00 AM,False,False,0,,"3,000,000","3,250,000",983C0E7E26,1,8300 S 1ST STREET ST,ONE MOTOR VEHICLE - TURNING RIGHT,2014-01-22,18:40,18,Wednesday,18.2,0.0,False,residential,unknown
"3,059","13,707,997",False,140561078,1600,WILLIAM CANNON,DR,35,False,30.190587,-97.77087632,5,0,0,0,3,0,0,0,Large passenger vehicle & Passenger car,POINT (-97.77087632 30.190587),0,0,0,0,0,0,0,0,0,0,False,False,0,0,2014-02-25 16:12:00,2014 Feb 25 10:12:00 PM,False,False,0,,"20,000","60,000",B65110E3B2,1,1600 E WILLIAM CANNON DR,SAME DIRECTION - ONE STRAIGHT-ONE STOPPED,2014-02-25,16:12,16,Tuesday,18.9,0.1,True,secondary,4
"2,266","13,688,051",False,140290850,2900,SAN GABRIEL ST,ST,35,False,30.29392477,-97.74740246,3,0,0,2,0,0,2,0,Large passenger vehicle & Passenger car,POINT (-97.74740246 30.29392477),0,0,0,0,0,0,0,0,0,0,False,False,0,0,2014-01-29 13:12:00,2014 Jan 29 07:12:00 PM,False,False,0,,"200,000","400,000",18063875EC,1,SAN GABRIEL ST & N LAMAR BLVD,SAME DIRECTION - ONE STRAIGHT-ONE STOPPED,2014-01-29,13:12,13,Wednesday,4.6,0.0,False,primary,unknown
"1,199","13,663,415",False,140291163,100,E SLAUGHTER LN,LN,35,False,30.16705929,-97.78618705,2,0,1,0,4,0,1,0,Large passenger vehicle & Motor vehicle – other & Passenger car,POINT (-97.78618705 30.16705929),0,0,0,0,0,0,0,0,0,0,True,False,0,0,2014-01-29 16:23:00,2014 Jan 29 10:23:00 PM,False,False,0,,"250,000","330,000",5371D3B990,1,100 E SLAUGHTER LN,OPPOSITE DIRECTION - ONE BACKING-ONE STOPPED,2014-01-29,16:23,16,Wednesday,7.2,0.0,False,secondary_link,1
"1,914","13,679,436",False,140241313,6300,ED BLUESTEIN BLVD NB,BLVD,55,False,30.300997,-97.661611,5,0,0,0,2,0,0,0,Large passenger vehicle & Passenger car,POINT (-97.661611 30.300997),0,0,0,0,0,0,0,0,0,0,False,False,0,0,2014-01-24 18:14:00,2014 Jan 25 12:14:00 AM,False,False,0,,"20,000","40,000",7A11FF28E69B,1,6300 ED BLUESTEIN BLVD NB BLVD,SAME DIRECTION - ONE STRAIGHT-ONE STOPPED,2014-01-24,18:14,18,Friday,3.5,0.0,False,unknown,unknown
"1,663","13,671,386",False,140190943,2200,NOT REPORTED,HWY,60,False,30.23390415,-97.7410907,3,0,0,1,1,0,1,0,Large passenger vehicle & Passenger car,POINT (-97.7410907 30.23390415),0,0,0,0,0,0,0,0,0,0,True,False,0,0,2014-01-19 13:55:00,2014 Jan 19 07:55:00 PM,False,False,0,,"200,000","220,000",1942FE2E3B4,2,2200 IH 35,SAME DIRECTION - ONE STRAIGHT-ONE STOPPED,2014-01-19,13:55,13,Sunday,15.0,0.0,False,secondary_link,1
"2,349","13,688,463",False,140430781,9500,1ST,ST,50,False,30.1654748,-97.80113245,5,0,0,0,1,0,0,0,Motor vehicle – other,POINT (-97.80113245 30.1654748),0,0,0,0,0,0,0,0,0,0,False,False,0,0,2014-02-12 13:14:00,2014 Feb 12 07:14:00 PM,False,False,0,,"20,000","20,000",12D3B6AF51,1,S 1ST ST & SOUTHPARK MEADOWS DR,ONE MOTOR VEHICLE - TURNING RIGHT,2014-02-12,13:14,13,Wednesday,6.8,0.0,False,residential,2
"1,987","13,680,092",False,140271122,12500,METRIC,BLVD,45,False,30.41421696,-97.69002018,5,0,0,0,3,0,0,0,Passenger car,POINT (-97.69002018 30.41421696),0,0,0,0,0,0,0,0,0,0,False,False,0,0,2014-01-27 15:58:00,2014 Jan 27 09:58:00 PM,False,False,0,,"20,000","60,000",07BF61CB4C,1,12500 METRIC BLVD,OPPOSITE DIRECTION - ONE STRAIGHT-ONE LEFT TURN,2014-01-27,15:58,15,Monday,9.2,0.0,False,secondary,"['2', '4']"
"1,815","13,676,758",False,140240169,1500,GUADALUPE ST,ST,30,False,30.27785478,-97.74302246,5,0,0,0,5,0,0,0,Large passenger vehicle & Passenger car,POINT (-97.74302246 30.27785478),0,0,0,0,0,0,0,0,0,0,False,False,0,0,2014-01-24 02:36:00,2014 Jan 24 08:36:00 AM,False,False,0,,"20,000","100,000",64BCC0A014,1,GUADALUPE ST & W 15TH ST,SAME DIRECTION - ONE STRAIGHT-ONE STOPPED,2014-01-24,02:36,2,Friday,-3.0,0.4,True,primary,4
"3,566","13,718,785",False,140460727,100,GUADALUPE,ST,40,False,30.26433478,-97.74803246,0,0,0,0,0,1,0,0,Passenger car,POINT (-97.74803246 30.26433478),0,0,0,0,0,0,0,0,0,0,True,False,0,0,2014-02-23 04:13:00,2014 Feb 23 10:13:00 AM,False,False,0,,"20,000","20,000",10D674124F,1,GUADALUPE ST & CESAR CHAVEZ ST,ONE MOTOR VEHICLE - GOING STRAIGHT,2014-02-23,04:13,4,Sunday,15.9,0.0,False,primary,"['3', '5']"
956,"13,658,649",False,140171477,1000,RIVERSIDE,DR,30,False,30.24980478,-97.73878246,5,0,0,0,3,0,0,0,Passenger car,POINT (-97.73878246 30.24980478),0,0,0,0,0,0,0,0,0,0,False,False,0,0,2014-01-17 18:49:00,2014 Jan 18 12:49:00 AM,False,False,0,,"20,000","60,000",9277B11798,1,E RIVERSIDE DR & TRAVIS HEIGHTS BLVD,SAME DIRECTION - BOTH GOING STRAIGHT-REAR END,2014-01-17,18:49,18,Friday,14.3,0.0,False,tertiary,2
"1,771","13,674,737",False,140351385,300,E WILLIAM CANNON DR,DR,40,False,30.19164956,-97.77456704,3,0,0,1,2,0,1,0,Passenger car,POINT (-97.77456704 30.19164956),0,0,0,0,0,0,0,0,0,0,False,False,0,0,2014-02-04 18:57:00,2014 Feb 05 12:57:00 AM,False,False,0,,"200,000","240,000",12DFA2472D,1,300 E WILLIAM CANNON DR,OPPOSITE DIRECTION - ONE STRAIGHT-ONE LEFT TURN,2014-02-04,18:57,18,Tuesday,17.1,0.0,False,unknown,unknown
"2,144","13,684,856",False,140300289,4200,PARMER,LN,50,False,30.42722406,-97.71848258,3,0,0,1,2,0,1,0,Large passenger vehicle & Passenger car,POINT (-97.71848258 30.42722406),0,0,0,0,0,0,0,0,0,0,True,False,0,0,2014-01-30 07:09:00,2014 Jan 30 01:09:00 PM,False,False,0,,"200,000","240,000",48DCF05308,1,4200 W PARMER LN,SAME DIRECTION - ONE STRAIGHT-ONE STOPPED,2014-01-30,07:09,7,Thursday,0.5,0.0,False,residential,unknown
"1,104","13,662,436",False,140121575,7400,BLESSING,AVE,30,False,30.33196936,-97.6930055,5,0,0,0,1,0,0,0,Passenger car,POINT (-97.6930055 30.33196936),0,0,0,0,0,0,0,0,0,0,False,False,0,0,2014-01-12 23:28:00,2014 Jan 13 05:28:00 AM,False,False,0,,"20,000","20,000",1A7515E8FD,1,7400 BLESSING AVE,ONE MOTOR VEHICLE - GOING STRAIGHT,2014-01-12,23:28,23,Sunday,15.1,0.0,False,unknown,unknown
"1,317","13,665,994",False,140291576,2800,LAMAR,BLVD,40,False,30.24388224,-97.78194947,5,0,0,0,3,0,0,0,Large passenger vehicle & Passenger car,POINT (-97.78194947 30.24388224),0,0,0,0,0,0,0,0,0,0,True,False,0,0,2014-01-29 21:02:00,2014 Jan 30 03:02:00 AM,False,False,0,,"20,000","60,000",8EF607821F,1,2800 S LAMAR BLVD,SAME DIRECTION - ONE STRAIGHT-ONE STOPPED,2014-01-29,21:02,21,Wednesday,2.7,0.0,False,primary,unknown
"2,227","13,687,790",False,140310420,8200,BEN WHITE,BLVD,45,False,30.22742,-97.77922,5,0,0,0,3,0,0,0,Passenger car,POINT (-97.77922 30.22742),0,0,0,0,0,0,0,0,0,0,False,False,0,0,2014-01-31 07:07:00,2014 Jan 31 01:07:00 PM,False,False,0,,"20,000","60,000",A64C70CE9F,1,8200 E BEN WHITE BLVD,ONE MOTOR VEHICLE - GOING STRAIGHT,2014-01-31,07:07,7,Friday,9.9,0.0,False,secondary,2
438,"13,643,712",False,140161060,8600,NOT REPORTED,BLVD,45,False,30.36329813,-97.71756022,2,0,2,0,1,0,2,0,Large passenger vehicle & Passenger car,POINT (-97.71756022 30.36329813),0,0,0,0,0,0,0,0,0,0,True,False,0,0,2014-01-16 15:27:00,2014 Jan 16 09:27:00 PM,False,False,0,,"250,000","520,000",73FB6B66E6,1,STATE HIGHWAY 183 SVRD & OLEN RD,ANGLE - BOTH GOING STRAIGHT,2014-01-16,15:27,15,Thursday,18.2,0.0,False,tertiary,3
"2,238","13,687,801",False,140311333,1300,AIRPORT,BLVD,40,False,30.27784224,-97.70095981,2,0,1,0,4,0,1,0,Passenger car,POINT (-97.70095981 30.27784224),0,0,0,0,0,0,0,0,0,0,True,False,0,0,2014-01-31 16:14:00,2014 Jan 31 10:14:00 PM,False,False,0,,"250,000","330,000",BDFC515DC8,1,1300 AIRPORT BLVD,SAME DIRECTION - BOTH GOING STRAIGHT-REAR END,2014-01-31,16:14,16,Friday,23.2,0.0,False,primary,unknown
"2,119","13,684,734",False,140280249,13900,NOT REPORTED,HWY,75,False,30.47227507,-97.79858579,1,1,0,0,0,0,1,0,Large passenger vehicle,POINT (-97.79858579 30.47227507),0,1,0,0,0,0,0,0,0,0,True,False,0,0,2014-01-28 06:06:00,2014 Jan 28 12:06:00 PM,False,False,0,,"3,000,000","3,000,000",EF6C2172E71,2,13900 US 183,ONE MOTOR VEHICLE - GOING STRAIGHT,2014-01-28,06:06,6,Tuesday,-2.8,0.3,True,secondary_link,unknown
"1,449","13,668,327",False,140170354,7800,BURNET,RD,35,False,30.37320137,-97.72640228,2,0,1,0,1,0,1,0,Passenger car,POINT (-97.72640228 30.37320137),0,0,0,0,0,0,0,0,0,0,True,False,0,0,2014-01-17 06:56:00,2014 Jan 17 12:56:00 PM,False,False,0,,"250,000","270,000",18FD8AD95E,1,BURNET RD & W ANDERSON LN,ANGLE - BOTH GOING STRAIGHT,2014-01-17,06:56,6,Friday,7.9,0.0,False,secondary,4
"1,887","13,679,362",False,140230731,2100,RIVERSIDE,DR,35,False,30.2398414,-97.72663566,2,0,1,0,0,0,1,0,Motorcycle & Other/Unknown,POINT (-97.72663566 30.2398414),0,0,0,0,0,0,0,0,0,0,False,False,0,0,2014-01-23 11:37:00,2014 Jan 23 05:37:00 PM,False,False,0,,"250,000","250,000",9933E3C4B2,1,2100 E RIVERSIDE DR,ONE MOTOR VEHICLE - GOING STRAIGHT,2014-01-23,11:37,11,Thursday,6.5,0.0,False,tertiary,3
290,"13,638,079",False,140111177,3100,NOT REPORTED,FWY,60,False,30.23611614,-97.73979202,5,0,0,0,2,0,0,0,Passenger car,POINT (-97.73979202 30.23611614),0,0,0,0,0,0,0,0,0,0,True,False,0,0,2014-01-11 15:57:00,2014 Jan 11 09:57:00 PM,False,False,0,,"20,000","40,000",1942FE2E3B4,2,3100 STATE HIGHWAY 35,ONE MOTOR VEHICLE - GOING STRAIGHT,2014-01-11,15:57,15,Saturday,20.3,0.0,False,unknown,unknown
"2,322","13,688,355",False,140330591,4300,LAMAR,BLVD,35,False,30.23488109,-97.7951354,2,0,1,0,1,0,1,0,Large passenger vehicle & Passenger car,POINT (-97.7951354 30.23488109),0,0,0,0,0,0,0,0,0,0,True,False,0,0,2014-02-02 09:29:00,2014 Feb 02 03:29:00 PM,False,False,0,,"250,000","270,000",2BABFA6066,1,4300 N LAMAR BLVD,SAME DIRECTION - BOTH GOING STRAIGHT-REAR END,2014-02-02,09:29,9,Sunday,5.1,0.3,True,secondary,5
"3,446","13,717,004",False,140621001,800,SLAUGHTER,LN,40,False,30.1602448,-97.77681246,2,0,1,0,0,0,1,0,Large passenger vehicle,POINT (-97.77681246 30.1602448),0,0,0,0,0,0,0,0,0,0,False,False,0,0,2014-03-03 16:22:00,2014 Mar 03 10:22:00 PM,False,False,0,,"250,000","250,000",45CBDD3233,1,E SLAUGHTER LN & BRANDT,ONE MOTOR VEHICLE - GOING STRAIGHT,2014-03-03,16:22,16,Monday,5.7,0.0,False,tertiary,2
545,"13,646,973",False,140021079,1000,LAMAR,BLVD,30,False,30.27549478,-97.75204376,3,0,0,3,1,0,3,0,Passenger car,POINT (-97.75204376 30.27549478),0,0,0,0,0,0,0,0,0,0,False,False,0,0,2014-01-02 15:05:00,2014 Jan 02 09:05:00 PM,False,False,0,,"200,000","620,000",9937A9F2C1,1,1000 N LAMAR BLVD,SAME DIRECTION - ONE STRAIGHT-ONE STOPPED,2014-01-02,15:05,15,Thursday,8.8,0.0,False,primary,5
"1,967","13,679,884",False,140400964,4400,SOUTHWEST,PKWY,35,False,30.24028388,-97.82866942,5,0,0,0,1,0,0,0,Large passenger vehicle,POINT (-97.82866942 30.24028388),0,0,0,0,0,0,0,0,0,0,False,False,0,0,2014-02-09 14:44:00,2014 Feb 09 08:44:00 PM,False,False,0,,"20,000","20,000",7CDE30C950,1,4400 SOUTHWEST PKWY,ONE MOTOR VEHICLE - GOING STRAIGHT,2014-02-09,14:44,14,Sunday,19.6,0.0,False,unknown,unknown
"2,918","13,705,130",False,140410758,11825,LAMAR,BLVD,45,False,30.37764758,-97.68878161,5,0,0,0,2,0,0,0,Large passenger vehicle & Passenger car,POINT (-97.68878161 30.37764758),0,0,0,0,0,0,0,0,0,0,True,False,0,0,2014-02-10 12:50:00,2014 Feb 10 06:50:00 PM,False,False,0,,"20,000","40,000",5266AE3CE3,1,N LAMAR BLVD & FERGUSON DR,OPPOSITE DIRECTION - ONE STRAIGHT-ONE LEFT TURN,2014-02-10,12:50,12,Monday,4.1,0.0,False,primary,unknown
"2,498","13,693,884",False,140450863,7400,NOT REPORTED,HWY,70,False,30.33726054,-97.70133082,3,0,0,1,2,0,1,0,Large passenger vehicle & Passenger car,POINT (-97.70133082 30.33726054),0,0,0,0,0,0,0,0,0,0,True,False,0,0,2014-02-14 12:29:00,2014 Feb 14 06:29:00 PM,False,False,0,,"200,000","240,000",061348B2BCF,2,7400 IH 35,SAME DIRECTION - BOTH GOING STRAIGHT-REAR END,2014-02-14,12:29,12,Friday,18.3,0.0,False,unknown,unknown
"1,428","13,668,273",False,140151165,2100,MARTIN LUTHER KING JR BLVD,BLVD,35,False,30.28022944,-97.71858358,5,0,0,0,3,0,0,0,Large passenger vehicle & Passenger car,POINT (-97.71858358 30.28022944),0,0,0,0,0,0,0,0,0,0,False,False,0,0,2014-01-15 15:30:00,2014 Jan 15 09:30:00 PM,False,False,0,,"20,000","60,000",9F7F7F258C,1,2100 E MARTIN LUTHER KING JR BLVD,SAME DIRECTION - ONE STRAIGHT-ONE STOPPED,2014-01-15,15:30,15,Wednesday,14.8,0.0,False,primary,unknown
41,"13,626,771",False,140020854,1600,WILLIAM CANNON,DR,35,False,30.19047362,-97.7706779,2,0,2,0,3,0,2,0,Large passenger vehicle & Passenger car,POINT (-97.7706779 30.19047362),0,0,0,0,0,0,0,0,0,0,False,False,0,0,2014-01-02 13:13:00,2014 Jan 02 07:13:00 PM,False,False,0,,"250,000","560,000",B65110E3B2,1,1600 E WILLIAM CANNON DR,ANGLE - BOTH GOING STRAIGHT,2014-01-02,13:13,13,Thursday,7.1,0.0,False,secondary,4
900,"13,656,264",False,140231805,11400,NOT REPORTED,EXPY,50,False,30.4155857,-97.70603286,3,0,0,2,12,0,2,0,Large passenger vehicle & Passenger car,POINT (-97.70603286 30.4155857),0,0,0,0,0,0,0,0,0,0,True,False,0,0,2014-01-23 22:59:00,2014 Jan 24 04:59:00 AM,False,False,0,,"200,000","640,000",D5E266BAEC2,2,11400 STATE HIGHWAY 1,SAME DIRECTION - BOTH GOING STRAIGHT-SIDESWIPE,2014-01-23,22:59,22,Thursday,-2.3,0.5,True,unknown,unknown
"2,885","13,704,849",False,140521917,1900,BEN WHITE,BLVD,35,False,30.23003786,-97.78833923,2,0,1,0,2,0,1,0,Motorcycle & Passenger car,POINT (-97.78833923 30.23003786),0,0,0,0,0,0,0,0,0,0,True,False,0,0,2014-02-21 22:40:00,2014 Feb 22 04:40:00 AM,False,False,0,,"250,000","290,000",1D9396E34B,1,W BEN WHITE BLVD & MANCHACA RD,ANGLE - BOTH GOING STRAIGHT,2014-02-21,22:40,22,Friday,13.6,0.0,False,secondary,unknown
"2,075","13,683,590",False,140251330,6700,NOT REPORTED,HWY,55,False,30.37073072,-97.78679645,2,0,1,0,4,0,1,0,Large passenger vehicle & Passenger car,POINT (-97.78679645 30.37073072),0,0,0,0,0,0,0,0,0,0,True,False,0,0,2014-01-25 18:53:00,2014 Jan 26 12:53:00 AM,False,False,0,,"250,000","330,000",D65BE8660B01,1,6700 LOOP 360,SAME DIRECTION - BOTH GOING STRAIGHT-REAR END,2014-01-25,18:53,18,Saturday,17.4,0.0,False,unknown,unknown
"1,618","13,670,665",False,140320274,1000,STASSNEY,LN,45,False,30.21065081,-97.78710017,2,0,1,0,1,0,1,0,Motorcycle & Passenger car,POINT (-97.78710017 30.21065081),0,0,0,0,0,0,0,0,0,0,False,False,0,0,2014-02-01 02:12:00,2014 Feb 01 08:12:00 AM,False,False,0,,"250,000","270,000",799733C0D0,1,1000 W STASSNEY LN,SAME DIRECTION - ONE STRAIGHT-ONE STOPPED,2014-02-01,02:12,2,Saturday,17.3,0.0,False,tertiary,2
"1,024","13,659,619",False,140270789,1640,CHIPPEWAY,LN,25,False,30.20403399,-97.79938088,5,0,0,0,1,0,0,0,Passenger car,POINT (-97.79938088 30.20403399),0,0,0,0,0,0,0,0,0,0,False,False,0,0,2014-01-27 12:23:00,2014 Jan 27 06:23:00 PM,False,False,0,,"20,000","20,000",3AB7A4C240,1,1640 CHIPPEWAY LN,ONE MOTOR VEHICLE - GOING STRAIGHT,2014-01-27,12:23,12,Monday,8.8,0.0,False,residential,unknown
"3,215","13,711,309",False,140451287,21400,12TH,ST,30,False,30.27455125,-97.71480675,0,0,0,0,2,2,0,0,Large passenger vehicle & Passenger car,POINT (-97.71480675 30.27455125),0,0,0,0,0,0,0,0,0,0,False,False,0,0,2014-02-14 16:09:00,2014 Feb 14 10:09:00 PM,False,False,0,,"20,000","80,000",3EA379C0BC,1,21400 E 12TH ST,ONE MOTOR VEHICLE - GOING STRAIGHT,2014-02-14,16:09,16,Friday,25.5,0.0,False,tertiary,2
"1,185","13,663,383",False,140131784,2500,LAMAR BLVD,BLVD,35,False,30.29149771,-97.75066356,5,0,0,0,1,0,0,0,Passenger car,POINT (-97.75066356 30.29149771),0,0,0,0,0,0,0,0,0,0,False,False,0,0,2014-01-13 21:19:00,2014 Jan 14 03:19:00 AM,False,False,0,,"20,000","20,000",386BABAC5F,1,2500 N LAMAR BLVD,ONE MOTOR VEHICLE - GOING STRAIGHT,2014-01-13,21:19,21,Monday,11.1,0.0,False,residential,unknown
616,"13,647,819",False,140091225,9300,RESEARCH BLVD NB,BLVD,60,False,30.38060476,-97.74100246,5,0,0,0,3,0,0,0,Large passenger vehicle & Passenger car,POINT (-97.74100246 30.38060476),0,0,0,0,0,0,0,0,0,0,False,False,0,0,2014-01-09 16:35:00,2014 Jan 09 10:35:00 PM,False,False,0,,"20,000","60,000",CC8575911B,1,9300 RESEARCH BLVD NB BLVD,SAME DIRECTION - BOTH GOING STRAIGHT-REAR END,2014-01-09,16:35,16,Thursday,14.7,0.0,False,secondary,3
"2,338","13,688,421",False,140331129,6700,ED BLUESTEIN BLVD NB,BLVD,55,False,30.31048477,-97.66223248,2,0,2,0,1,0,2,0,Large passenger vehicle & Passenger car,POINT (-97.66223248 30.31048477),0,0,0,0,0,0,0,0,0,0,False,False,0,0,2014-02-02 18:12:00,2014 Feb 03 12:12:00 AM,False,False,0,,"250,000","520,000",671C47B0AB66,1,ED BLUESTEIN BLVD NB BLVD & LOYOLA LN,SAME DIRECTION - BOTH GOING STRAIGHT-SIDESWIPE,2014-02-02,18:12,18,Sunday,4.7,0.0,False,unknown,unknown
"1,166","13,663,325",False,140111955,12900,NOT REPORTED,HWY,65,False,30.43508598,-97.77132127,5,0,0,0,2,0,0,0,Passenger car,POINT (-97.77132127 30.43508598),0,0,0,0,0,0,0,0,0,0,True,False,0,0,2014-01-11 22:46:00,2014 Jan 12 04:46:00 AM,False,False,0,,"20,000","40,000",9999829B897,2,12900 US 183,SAME DIRECTION - BOTH GOING STRAIGHT-REAR END,2014-01-11,22:46,22,Saturday,9.9,0.0,False,secondary,3
"2,537","13,694,205",False,140371053,3800,DUVAL RD,RD,35,False,30.41178544,-97.72339815,3,0,0,1,1,0,1,0,Motorcycle & Passenger car,POINT (-97.72339815 30.41178544),0,0,0,0,0,0,0,0,0,0,False,False,0,0,2014-02-06 16:30:00,2014 Feb 06 10:30:00 PM,False,False,0,,"200,000","220,000",74333D80E4,1,DUVAL RD & ASPENDALE DR,ANGLE - ONE STRAIGHT-ONE LEFT TURN,2014-02-06,16:30,16,Thursday,-1.1,0.0,False,tertiary,unknown
"1,559","13,668,576",False,140301763,5500,NOT REPORTED,HWY,45,False,30.23660535,-97.83985156,5,0,0,0,2,0,0,0,Motor vehicle – other & Passenger car,POINT (-97.83985156 30.23660535),0,0,0,0,0,0,0,0,0,0,True,False,0,0,2014-01-30 22:12:00,2014 Jan 31 04:12:00 AM,False,False,0,,"20,000","40,000",B5EF3E2E00,1,US 290 SVRD & MONTEREY OAKS BLVD,SAME DIRECTION - BOTH GOING STRAIGHT-SIDESWIPE,2014-01-30,22:12,22,Thursday,12.0,0.0,False,tertiary,unknown
"2,134","13,684,749",False,140281825,7600,NOT REPORTED,HWY,65,False,30.33796451,-97.70088649,5,0,0,0,3,0,0,0,Large passenger vehicle & Passenger car,POINT (-97.70088649 30.33796451),0,0,0,0,0,0,0,0,0,0,True,False,0,0,2014-01-28 22:18:00,2014 Jan 29 04:18:00 AM,False,False,0,,"20,000","60,000",061348B2BCF,2,7600 IH 35,SAME DIRECTION - BOTH GOING STRAIGHT-REAR END,2014-01-28,22:18,22,Tuesday,0.3,0.0,False,unknown,unknown
"2,630","13,698,166",False,140481216,6000,NOT REPORTED,HWY,70,False,30.1963494,-97.76579181,5,0,0,0,1,0,0,0,Passenger car,POINT (-97.76579181 30.1963494),0,0,0,0,0,0,0,0,0,0,True,False,0,0,2014-02-17 17:35:00,2014 Feb 17 11:35:00 PM,False,False,0,,"20,000","20,000",399ACAE7E4B,2,6000 IH 35,ONE MOTOR VEHICLE - GOING STRAIGHT,2014-02-17,17:35,17,Monday,24.0,0.0,False,unknown,unknown
46,"13,626,780",False,140031330,4700,CONGRESS,AVE,40,False,30.21523029,-97.76878252,0,0,0,0,2,1,0,0,Large passenger vehicle & Passenger car,POINT (-97.76878252 30.21523029),0,0,0,0,0,0,0,0,0,0,False,False,0,0,2014-01-03 17:13:00,2014 Jan 03 11:13:00 PM,False,False,0,,"20,000","60,000",E640F44546,1,4700 S CONGRESS AVE,SAME DIRECTION - BOTH GOING STRAIGHT-SIDESWIPE,2014-01-03,17:13,17,Friday,11.5,0.0,False,unknown,unknown
"3,032","13,707,774",False,140130950,8200,N CAPITAL OF TEXAS HWY,HWY,60,False,30.3818723,-97.77301918,5,0,0,0,2,0,0,0,Large passenger vehicle & Passenger car,POINT (-97.77301918 30.3818723),0,0,0,0,0,0,0,0,0,0,True,False,0,0,2014-01-13 13:22:00,2014 Jan 13 07:22:00 PM,False,False,0,,"20,000","40,000",A9795D02AD2,1,8200 N CAPITAL OF TEXAS HWY,SAME DIRECTION - ONE STRAIGHT-ONE STOPPED,2014-01-13,13:22,13,Monday,16.5,0.0,False,unknown,unknown
"1,982","13,680,087",False,140270772,6800,LAMAR,BLVD,40,False,30.33596704,-97.72001383,5,0,0,0,2,0,0,0,Large passenger vehicle & Passenger car,POINT (-97.72001383 30.33596704),0,0,0,0,0,0,0,0,0,0,False,False,0,0,2014-01-27 11:47:00,2014 Jan 27 05:47:00 PM,False,False,0,,"20,000","40,000",2A8B2FBFB4,1,6800 N LAMAR BLVD,SAME DIRECTION - BOTH GOING STRAIGHT-REAR END,2014-01-27,11:47,11,Monday,7.6,0.0,False,primary,5
"3,210","13,711,304",False,140451024,700,CONGRESS,AVE,30,False,30.26925448,-97.74236084,3,0,0,1,3,0,1,0,Bicycle & Passenger car,POINT (-97.74236084 30.26925448),0,0,0,0,0,0,0,0,0,0,False,False,0,0,2014-02-14 13:46:00,2014 Feb 14 07:46:00 PM,False,False,0,,"200,000","260,000",06299E2C99,1,700 CONGRESS AVE,ONE MOTOR VEHICLE - TURNING RIGHT,2014-02-14,13:46,13,Friday,22.3,0.0,False,primary,4
782,"13,652,787",False,140070707,7500,NOT REPORTED,HWY,55,False,30.36969741,-97.78802217,2,0,1,0,1,0,1,0,Bicycle & Passenger car,POINT (-97.78802217 30.36969741),0,0,0,0,0,0,0,0,0,0,True,False,0,0,2014-01-07 12:24:00,2014 Jan 07 06:24:00 PM,False,False,0,,"250,000","270,000",962AF8E62248,1,7500 LOOP 360,ONE MOTOR VEHICLE - TURNING RIGHT,2014-01-07,12:24,12,Tuesday,2.4,0.0,False,residential,unknown
781,"13,652,786",False,140161091,13600,NOT REPORTED,HWY,70,False,30.42353109,-97.67170766,3,0,0,1,0,0,1,0,Passenger car,POINT (-97.67170766 30.42353109),0,0,0,0,0,0,0,0,0,0,True,False,0,0,2014-01-16 15:33:00,2014 Jan 16 09:33:00 PM,False,False,0,,"200,000","200,000",90E6322AA0D,2,13600 IH 35,ONE MOTOR VEHICLE - GOING STRAIGHT,2014-01-16,15:33,15,Thursday,18.2,0.0,False,secondary,2
130,"13,632,371",False,140080343,7600,NOT REPORTED,HWY,70,False,30.33586927,-97.70220894,5,0,0,0,5,0,0,0,Large passenger vehicle & Passenger car,POINT (-97.70220894 30.33586927),0,0,0,0,0,0,0,0,0,0,True,False,0,0,2014-01-08 08:06:00,2014 Jan 08 02:06:00 PM,False,False,0,,"20,000","100,000",061348B2BCF,2,7600 IH 35,SAME DIRECTION - BOTH GOING STRAIGHT-REAR END,2014-01-08,08:06,8,Wednesday,5.5,0.0,False,secondary,2
"2,070","13,683,585",False,140251125,5300,NOT REPORTED,EXPY,65,False,30.33508505,-97.75558521,5,0,0,0,1,0,0,0,Passenger car,POINT (-97.75558521 30.33508505),0,0,0,0,0,0,0,0,0,0,True,False,0,0,2014-01-25 16:38:00,2014 Jan 25 10:38:00 PM,False,False,0,,"20,000","20,000",9E521D0D10F,2,5300 LOOP 1,ONE MOTOR VEHICLE - GOING STRAIGHT,2014-01-25,16:38,16,Saturday,18.8,0.0,False,unknown,unknown
"1,074","13,662,068",False,140280514,3200,NOT REPORTED,EXPY,65,False,30.22371667,-97.7470924,5,0,0,0,2,0,0,0,Large passenger vehicle & Motor vehicle – other,POINT (-97.7470924 30.22371667),0,0,0,0,0,0,0,0,0,0,True,False,0,0,2014-01-28 08:11:00,2014 Jan 28 02:11:00 PM,False,False,0,,"20,000","40,000",C63064D4A38,2,3200 IH 35,ONE MOTOR VEHICLE - GOING STRAIGHT,2014-01-28,08:11,8,Tuesday,-2.5,0.4,True,tertiary,"['4', '5']"
"3,066","13,708,036",False,140460265,7703,PEACEFUL HILL LN,LN,30,False,30.18300974,-97.78725265,0,0,0,0,0,1,0,0,Motor vehicle – other & Passenger car,POINT (-97.78725265 30.18300974),0,0,0,0,0,0,0,0,0,0,False,False,0,0,2014-02-15 01:57:00,2014 Feb 15 07:57:00 AM,False,False,0,,"20,000","20,000",CF537AEE67,1,7703 PEACEFUL HILL LN,ONE MOTOR VEHICLE - GOING STRAIGHT,2014-02-15,01:57,1,Saturday,9.9,0.0,False,residential,unknown
"2,125","13,684,740",False,140280624,12700,RESEARCH BLVD NB,BLVD,65,False,30.43234113,-97.76660564,1,1,0,0,0,0,1,0,Large passenger vehicle,POINT (-97.76660564 30.43234113),0,1,0,0,0,0,0,0,0,0,False,False,0,0,2014-01-28 09:18:00,2014 Jan 28 03:18:00 PM,False,False,0,,"3,000,000","3,000,000",65A3BCE870,1,12700 RESEARCH BLVD NB BLVD,ONE MOTOR VEHICLE - GOING STRAIGHT,2014-01-28,09:18,9,Tuesday,-3.0,0.0,False,unknown,unknown
960,"13,658,653",False,140211420,2800,MANCHACA,RD,40,False,30.24267253,-97.78164358,3,0,0,1,1,0,1,0,Large passenger vehicle & Passenger car,POINT (-97.78164358 30.24267253),0,0,0,0,0,0,0,0,0,0,False,False,0,0,2014-01-21 19:23:00,2014 Jan 22 01:23:00 AM,False,False,0,,"200,000","220,000",430A28EF69,1,2800 MANCHACA RD,SAME DIRECTION - ONE STRAIGHT-ONE STOPPED,2014-01-21,19:23,19,Tuesday,13.5,0.0,False,residential,unknown
"1,508","13,668,491",False,140171311,4400,AIRPORT,BLVD,45,False,30.30034477,-97.71293247,2,0,1,0,2,0,1,0,Large passenger vehicle & Passenger car,POINT (-97.71293247 30.30034477),0,0,0,0,0,0,0,0,0,0,False,False,0,0,2014-01-17 16:43:00,2014 Jan 17 10:43:00 PM,False,False,0,,"250,000","290,000",1968FF9296,1,AIRPORT BLVD & PARKWOOD RD,SAME DIRECTION - ONE STRAIGHT-ONE LEFT TURN,2014-01-17,16:43,16,Friday,14.9,0.0,False,primary,3
"3,120","13,709,194",False,140421651,2600,BAXTER,DR,25,False,30.21377566,-97.81007074,0,0,0,0,0,2,0,0,Large passenger vehicle & Passenger car,POINT (-97.81007074 30.21377566),0,0,0,0,0,0,0,0,0,0,False,False,0,0,2014-02-11 23:45:00,2014 Feb 12 05:45:00 AM,False,False,0,,"20,000","40,000",11FC62AE03,1,2600 BAXTER DR,ONE MOTOR VEHICLE - GOING STRAIGHT,2014-02-11,23:45,23,Tuesday,0.5,0.0,False,unknown,unknown
"1,795","13,676,402",False,140241094,6705,US 290,HWY,45,False,30.23405479,-97.86800706,5,0,0,0,2,0,0,0,Large passenger vehicle & Passenger car,POINT (-97.86800706 30.23405479),0,0,0,0,0,0,0,0,0,0,False,False,0,0,2014-01-24 15:39:00,2014 Jan 24 09:39:00 PM,False,False,0,,"20,000","40,000",5AFF0328CD9,2,6705 W US 290,OPPOSITE DIRECTION - BOTH GOING STRAIGHT,2014-01-24,15:39,15,Friday,2.1,0.0,False,unknown,unknown
"1,962","13,679,879",False,140231795,4400,NOT REPORTED,HWY,65,False,30.30544173,-97.75815894,5,0,0,0,1,0,0,0,Large passenger vehicle,POINT (-97.75815894 30.30544173),0,0,0,0,0,0,0,0,0,0,True,False,0,0,2014-01-23 22:17:00,2014 Jan 24 04:17:00 AM,False,False,0,,"20,000","20,000",4DFC1611E82,2,4400 LOOP 1,ONE MOTOR VEHICLE - GOING STRAIGHT,2014-01-23,22:17,22,Thursday,-1.9,0.4,True,unknown,unknown
711,"13,650,716",False,140030660,1200,BARBARA JORDAN,BLVD,30,False,30.30655183,-97.70892573,5,0,0,0,2,0,0,0,Passenger car,POINT (-97.70892573 30.30655183),0,0,0,0,0,0,0,0,0,0,False,False,0,0,2014-01-03 10:42:00,2014 Jan 03 04:42:00 PM,False,False,0,,"20,000","40,000",0ABE8CC48A,1,1200 BARBARA JORDAN BLVD,OPPOSITE DIRECTION - ONE STRAIGHT-ONE LEFT TURN,2014-01-03,10:42,10,Friday,1.0,0.0,False,unknown,unknown
"2,425","13,690,998",False,140341167,5700,AIRPORT,BLVD,45,False,30.32134477,-97.71352247,2,0,1,0,1,0,1,0,Large passenger vehicle & Passenger car,POINT (-97.71352247 30.32134477),0,0,0,0,0,0,0,0,0,0,False,False,0,0,2014-02-03 16:26:00,2014 Feb 03 10:26:00 PM,False,False,0,,"250,000","270,000",AA5DCB36EE,1,5700 AIRPORT BLVD,SAME DIRECTION - ONE STRAIGHT-ONE STOPPED,2014-02-03,16:26,16,Monday,8.2,0.0,False,primary,2
"2,677","13,699,844",False,140381495,9410,DESSAU,RD,40,False,30.3510917,-97.675896,5,0,0,0,3,0,0,0,Large passenger vehicle & Passenger car,POINT (-97.675896 30.3510917),0,0,0,0,0,0,0,0,0,0,False,False,0,0,2014-02-07 21:19:00,2014 Feb 08 03:19:00 AM,False,False,0,,"20,000","60,000",11B50D803D,1,DESSAU RD & E RUNDBERG LN,ANGLE - ONE LEFT TURN-ONE STOPPED,2014-02-07,21:19,21,Friday,0.1,0.0,False,secondary,unknown
"2,249","13,687,933",False,140301829,4700,NOT REPORTED,HWY,60,False,30.30625695,-97.7124405,3,0,0,1,3,0,1,0,Large passenger vehicle & Other/Unknown & Passenger car,POINT (-97.7124405 30.30625695),0,0,0,0,0,0,0,0,0,0,True,False,0,0,2014-01-30 22:28:00,2014 Jan 31 04:28:00 AM,False,False,0,,"200,000","260,000",3CA1816E768,2,4700 FM 35,ONE MOTOR VEHICLE - GOING STRAIGHT,2014-01-30,22:28,22,Thursday,12.0,0.0,False,motorway_link,unknown
"1,733","13,673,491",False,140220355,13700,RESEARCH BLVD,BLVD,65,False,30.39970708,-97.74639397,2,0,1,0,2,0,1,0,Large passenger vehicle & Passenger car,POINT (-97.74639397 30.39970708),0,0,0,0,0,0,0,0,0,0,False,False,0,0,2014-01-22 07:48:00,2014 Jan 22 01:48:00 PM,False,False,0,,"250,000","290,000",2F4EC19D93,1,13700 RESEARCH BLVD,SAME DIRECTION - ONE STRAIGHT-ONE STOPPED,2014-01-22,07:48,7,Wednesday,3.6,0.0,False,secondary_link,unknown
"1,523","13,668,518",False,140190785,7300,NOT REPORTED,RD,55,False,30.40664198,-97.85249995,2,0,1,0,1,0,1,0,Motorcycle & Passenger car,POINT (-97.85249995 30.40664198),0,0,0,0,0,0,0,0,0,0,True,False,0,0,2014-01-19 11:50:00,2014 Jan 19 05:50:00 PM,False,False,0,,"250,000","270,000",83EE9759CE5,1,FM 620 & FOUR POINTS DR,OPPOSITE DIRECTION - ONE STRAIGHT-ONE LEFT TURN,2014-01-19,11:50,11,Sunday,10.8,0.0,False,primary,unknown
823,"13,653,535",False,140101246,1200,LAMAR,BLVD,35,False,30.27774884,-97.75100786,5,0,0,0,2,0,0,0,Large passenger vehicle & Passenger car,POINT (-97.75100786 30.27774884),0,0,0,0,0,0,0,0,0,0,False,False,0,0,2014-01-10 16:29:00,2014 Jan 10 10:29:00 PM,False,False,0,,"20,000","40,000",71DE4EB93C,1,1200 N LAMAR BLVD,SAME DIRECTION - ONE STRAIGHT-ONE STOPPED,2014-01-10,16:29,16,Friday,20.8,0.0,False,primary,unknown
"1,668","13,671,391",False,140191230,11300,PTARMIGAN DR,DR,25,False,30.39037368,-97.7032051,5,0,0,0,1,0,0,0,Passenger car,POINT (-97.7032051 30.39037368),0,0,0,0,0,0,0,0,0,0,False,False,0,0,2014-01-19 18:01:00,2014 Jan 20 12:01:00 AM,False,False,0,,"20,000","20,000",6369EEE450,1,11300 PTARMIGAN DR,ONE MOTOR VEHICLE - GOING STRAIGHT,2014-01-19,18:01,18,Sunday,17.5,0.0,False,residential,unknown
"1,883","13,679,358",False,140230462,1000,PARMER,LN,50,False,30.40792399,-97.67450171,0,0,0,0,1,1,0,0,Large passenger vehicle & Passenger car,POINT (-97.67450171 30.40792399),0,0,0,0,0,0,0,0,0,0,True,False,0,0,2014-01-23 08:14:00,2014 Jan 23 02:14:00 PM,False,False,0,,"20,000","40,000",B1136FA93E,1,1000 W PARMER LN,SAME DIRECTION - ONE STRAIGHT-ONE STOPPED,2014-01-23,08:14,8,Thursday,8.3,0.1,True,primary,3
"3,493","13,718,352",False,140520436,11400,METRIC,BLVD,45,False,30.39307039,-97.70786085,5,0,0,0,2,0,0,0,Large passenger vehicle & Passenger car,POINT (-97.70786085 30.39307039),0,0,0,0,0,0,0,0,0,0,False,False,0,0,2014-02-21 07:57:00,2014 Feb 21 01:57:00 PM,False,False,0,,"20,000","40,000",36BC17F9D5,1,11400 METRIC BLVD,ONE MOTOR VEHICLE - GOING STRAIGHT,2014-02-21,07:57,7,Friday,6.6,0.0,False,secondary,2
"2,272","13,688,057",False,1410291187,1500,LAMAR,BLVD,35,False,30.2796497,-97.75052232,3,0,0,2,1,0,2,0,Passenger car,POINT (-97.75052232 30.2796497),0,0,0,0,0,0,0,0,0,0,False,False,0,0,2014-01-29 16:35:00,2014 Jan 29 10:35:00 PM,False,False,0,,"200,000","420,000",125004868E,1,1500 N LAMAR BLVD,SAME DIRECTION - ONE STRAIGHT-ONE STOPPED,2014-01-29,16:35,16,Wednesday,7.4,0.0,False,primary,2
"2,060","13,683,575",False,140250635,7600,NOT REPORTED,BLVD,45,True,30.21847507,-97.6909343,3,0,0,1,3,0,1,0,Large passenger vehicle & Passenger car,POINT (-97.6909343 30.21847507),0,0,0,0,0,0,0,0,0,0,True,False,0,0,2014-01-25 10:46:00,2014 Jan 25 04:46:00 PM,False,False,0,,"200,000","260,000",8ED49CC14B8,2,STATE HIGHWAY 71 & E RIVERSIDE DR,SAME DIRECTION - ONE STRAIGHT-ONE LEFT TURN,2014-01-25,10:46,10,Saturday,2.7,0.0,False,primary,4
"2,464","13,691,097",False,140461063,1000,ANDERSON MILL,RD,45,False,30.35304945,-97.71439747,5,0,0,0,3,0,0,0,Large passenger vehicle & Passenger car,POINT (-97.71439747 30.35304945),0,0,0,0,0,0,0,0,0,0,False,False,0,0,2014-02-15 13:36:00,2014 Feb 15 07:36:00 PM,False,False,0,,"20,000","60,000",0ACD1DBDAB,1,1000 S ANDERSON MILL RD,ANGLE - BOTH GOING STRAIGHT,2014-02-15,13:36,13,Saturday,17.4,0.0,False,secondary,unknown
"1,470","13,668,408",False,140141077,9300,ANDERSON MILL,RD,40,False,30.45040442,-97.78519269,3,0,0,1,1,0,1,0,Large passenger vehicle & Passenger car,POINT (-97.78519269 30.45040442),0,0,0,0,0,0,0,0,0,0,False,False,0,0,2014-01-14 14:45:00,2014 Jan 14 08:45:00 PM,False,False,0,,"200,000","220,000",D4CF469DEC,1,9300 ANDERSON MILL RD,SAME DIRECTION - ONE STRAIGHT-ONE STOPPED,2014-01-14,14:45,14,Tuesday,19.1,0.0,False,unknown,unknown
836,"13,653,552",False,140221433,4000,SLAUGHTER,LN,45,False,30.18780765,-97.85584701,3,0,0,2,0,0,2,0,Large passenger vehicle & Passenger car,POINT (-97.85584701 30.18780765),0,0,0,0,0,0,0,0,0,0,False,False,0,0,2014-01-22 19:19:00,2014 Jan 23 01:19:00 AM,False,False,0,,"200,000","400,000",C53C20B762,1,W SLAUGHTER LN & CAMDEN APARTMENTS PRIVATE DRIVE RD,OPPOSITE DIRECTION - ONE STRAIGHT-ONE LEFT TURN,2014-01-22,19:19,19,Wednesday,16.0,0.0,False,unknown,unknown
"2,913","13,705,125",False,140301695,8300,BEN WHITE,BLVD,60,False,30.20918609,-97.65115898,2,0,1,0,0,0,1,0,Motorcycle,POINT (-97.65115898 30.20918609),0,0,0,0,0,0,0,0,0,0,True,False,0,0,2014-01-30 21:27:00,2014 Jan 31 03:27:00 AM,False,False,0,,"250,000","250,000",B62FB9A7E1,1,8300 E BEN WHITE BLVD,ONE MOTOR VEHICLE - TURNING RIGHT,2014-01-30,21:27,21,Thursday,13.2,0.0,False,unknown,unknown
"2,949","13,705,310",False,140430707,4200,RED RIVER ST,ST,35,False,30.30461348,-97.71972668,2,0,1,0,1,0,1,0,Bicycle & Large passenger vehicle,POINT (-97.71972668 30.30461348),0,0,0,0,0,0,0,0,0,0,False,False,0,0,2014-02-12 11:54:00,2014 Feb 12 05:54:00 PM,False,False,0,,"250,000","270,000",79FF92615C,1,4200 RED RIVER ST,ONE MOTOR VEHICLE - GOING STRAIGHT,2014-02-12,11:54,11,Wednesday,2.7,0.0,False,secondary,3
"2,895","13,704,859",False,140540877,3200,CONGRESS,AVE,35,False,30.23023695,-97.75987179,5,0,0,0,2,0,0,0,Passenger car,POINT (-97.75987179 30.23023695),0,0,0,0,0,0,0,0,0,0,False,False,0,0,2014-02-23 13:32:00,2014 Feb 23 07:32:00 PM,False,False,0,,"20,000","40,000",110BD720C7,1,3200 S CONGRESS AVE,ANGLE - ONE STRAIGHT-ONE LEFT TURN,2014-02-23,13:32,13,Sunday,23.3,0.0,False,primary,5
669,"13,650,616",False,140081658,2200,STASSNEY,LN,35,False,30.19386116,-97.75678353,3,0,0,1,2,0,1,0,Large passenger vehicle & Passenger car,POINT (-97.75678353 30.19386116),0,0,0,0,0,0,0,0,0,0,False,False,0,0,2014-01-08 22:25:00,2014 Jan 09 04:25:00 AM,False,False,0,,"200,000","240,000",50C9DC1C59,1,2200 E STASSNEY LN,SAME DIRECTION - ONE STRAIGHT-ONE STOPPED,2014-01-08,22:25,22,Wednesday,11.5,0.0,False,tertiary,unknown
"3,054","13,707,899",False,140560777,11200,NOT REPORTED,HWY,70,False,30.13357804,-97.79863278,3,0,0,1,0,0,1,0,Large passenger vehicle & Other/Unknown,POINT (-97.79863278 30.13357804),0,0,0,0,0,0,0,0,0,0,True,False,0,0,2014-02-25 12:55:00,2014 Feb 25 06:55:00 PM,False,False,0,,"200,000","200,000",B14A3D5899E,2,11200 IH 35,ONE MOTOR VEHICLE - GOING STRAIGHT,2014-02-25,12:55,12,Tuesday,19.9,0.4,True,unknown,unknown
"2,597","13,697,034",False,140391210,4100,MARTIN LUTHER KING JR BLVD,BLVD,45,False,30.28474017,-97.6896565,3,0,0,2,1,0,2,0,Motor vehicle – other & Passenger car,POINT (-97.6896565 30.28474017),0,0,0,0,0,0,0,0,0,0,False,False,0,0,2014-02-08 16:01:00,2014 Feb 08 10:01:00 PM,False,False,0,,"200,000","420,000",DDD3206423,1,4100 E MARTIN LUTHER KING JR BLVD,SAME DIRECTION - BOTH GOING STRAIGHT-REAR END,2014-02-08,16:01,16,Saturday,16.8,0.0,False,primary,unknown
"2,701","13,699,886",False,140400105,1700,HEATHERWILDE,BLVD,55,False,30.43201976,-97.65443426,0,0,0,0,0,1,0,0,Passenger car,POINT (-97.65443426 30.43201976),0,0,0,0,0,0,0,0,0,0,False,False,0,0,2014-02-09 00:57:00,2014 Feb 09 06:57:00 AM,False,False,0,,"20,000","20,000",DFC9235CE2,1,1700 S HEATHERWILDE BLVD,ONE MOTOR VEHICLE - GOING STRAIGHT,2014-02-09,00:57,0,Sunday,7.6,0.0,False,secondary,unknown
863,"13,653,879",False,140090546,13300,NOT REPORTED,EXPY,45,False,30.43074392,-97.70077036,3,0,0,1,1,0,1,0,Large passenger vehicle & Passenger car,POINT (-97.70077036 30.43074392),0,0,0,0,0,0,0,0,0,0,True,False,0,0,2014-01-09 10:05:00,2014 Jan 09 04:05:00 PM,False,False,0,,"200,000","220,000",B5F6CE2DD8,1,13300 LOOP 1 SVRD,SAME DIRECTION - ONE STRAIGHT-ONE STOPPED,2014-01-09,10:05,10,Thursday,11.4,0.0,False,secondary,2
"3,225","13,711,385",False,140580333,4600,PLEASANT VALLEY,RD,35,False,30.20158479,-97.74213247,2,0,1,0,1,0,1,0,Large passenger vehicle & Passenger car,POINT (-97.74213247 30.20158479),0,0,0,0,0,0,0,0,0,0,False,False,0,0,2014-02-27 07:18:00,2014 Feb 27 01:18:00 PM,False,False,0,,"250,000","270,000",17D24F4C8C,1,S PLEASANT VALLEY RD & BUTTON BEND RD,ANGLE - ONE STRAIGHT-ONE RIGHT TURN,2014-02-27,07:18,7,Thursday,-0.5,0.0,False,tertiary,"['2', '3']"
"3,480","13,718,101",False,140280947,1700,SLAUGHTER,LN,45,False,30.17367484,-97.82191047,2,0,1,0,1,0,1,0,Large passenger vehicle & Passenger car,POINT (-97.82191047 30.17367484),0,0,0,0,0,0,0,0,0,0,False,False,0,0,2014-01-28 12:24:00,2014 Jan 28 06:24:00 PM,False,False,0,,"250,000","270,000",AB16F35FE6,1,1700 W SLAUGHTER LN,OPPOSITE DIRECTION - BOTH GOING STRAIGHT,2014-01-28,12:24,12,Tuesday,-0.7,0.0,False,residential,unknown
